﻿<?xml version="1.0" encoding="utf-8"?>
<EasyDNNrotator>
  <Preview>
    <SettingsName>01 Theme1 - Layout5</SettingsName>
    <ImageUrl>PreSettings/_default/TestimonialsRotator/images/01-Theme1-Layout5.jpg</ImageUrl>
    <Version>07.00.00</Version>
    <Description>01 Theme1 - Layout5</Description>
  </Preview>
  <RotatorSettings>
    <ModuleID>497</ModuleID>
    <RotatorTypeID>16</RotatorTypeID>
    <PortalID>0</PortalID>
    <ListID>1</ListID>
    <UserID>1</UserID>
    <DateCreated>2015-05-04T07:53:26.630</DateCreated>
    <ListNewsGallery>0</ListNewsGallery>
    <SettingsName>Testimonials Rotator - 497</SettingsName>
    <PictureW>240</PictureW>
    <PictureH>240</PictureH>
    <ThumbW>0</ThumbW>
    <ThumbH>0</ThumbH>
    <NumToRotate>20</NumToRotate>
    <ControlName>MultiRotator.ascx</ControlName>
    <ThemeName>Theme1.css</ThemeName>
    <CssClass></CssClass>
    <ShadowCss></ShadowCss>
    <ShadowStyle></ShadowStyle>
    <MCBorderSize>0</MCBorderSize>
    <MCBorderColor>ffff</MCBorderColor>
    <FullRotatorW>240</FullRotatorW>
    <FullRotatorH>240</FullRotatorH>
    <Fallback>0</Fallback>
    <MainWidthType>0</MainWidthType>
    <MainHeightType>0</MainHeightType>
    <ItemWidthType>0</ItemWidthType>
    <ItemHeightType>0</ItemHeightType>
    <ScriptVersion></ScriptVersion>
    <ScriptName>multislider.min.js</ScriptName>
    <HtmTemplate>Layout5.html</HtmTemplate>
    <Randomize>0</Randomize>
    <GlobalJpegQuality>97</GlobalJpegQuality>
    <CropMethod>0</CropMethod>
    <Visibility>0</Visibility>
    <HideUnlocalizedItems>0</HideUnlocalizedItems>
    <CacheContent>1</CacheContent>
    <CreateMainPicture>1</CreateMainPicture>
    <CreateThumbnail>0</CreateThumbnail>
  </RotatorSettings>
  <TestimonialsRotatorSettings>
    <ModuleID>497</ModuleID>
    <SettingsViewState>width:240,height:240,autoplay:false,speed:20,loop:true,grabCursor:true,swipe:true,mouseSwipe:true,space:0</SettingsViewState>
    <Width>240</Width>
    <Height>240</Height>
    <Space>0</Space>
    <GrabCursor>1</GrabCursor>
    <Swipe>1</Swipe>
    <Mouse>1</Mouse>
    <Autoplay>0</Autoplay>
    <Loop>1</Loop>
    <Speed>20</Speed>
    <TitleLength>0</TitleLength>
    <DescriptionLength>0</DescriptionLength>
    <StripDescription>0</StripDescription>
    <ShowTitle>1</ShowTitle>
    <ShowDescription>1</ShowDescription>
    <ShowReadMore>1</ShowReadMore>
    <SlideLink>1</SlideLink>
  </TestimonialsRotatorSettings>
  <PortalGUID>dc736bb3-3ec2-4ad9-862a-b32418815b82</PortalGUID>
</EasyDNNrotator>