﻿<?xml version="1.0" encoding="utf-8"?>
<Settings>
    <MainSettings>
        <SettingsName>RightOutsideOfBoxTwoColl</SettingsName>
        <PictureW>528</PictureW>
        <PictureH>400</PictureH>
        <ThumbW>80</ThumbW>
        <ThumbH>36</ThumbH>
        <NumToRotate>20</NumToRotate>
        <ControlName>ChameleonRotator.ascx</ControlName>
        <ThemeName>titan.css</ThemeName>
        <CssClass>brown</CssClass>
        <ShadowCss>0</ShadowCss>
        <ShadowStyle>0</ShadowStyle>
        <MCBorderSize>0</MCBorderSize>
        <MCBorderColor>ffffff</MCBorderColor>
        <Fallback>False</Fallback>
        <MainWidthType>False</MainWidthType>
        <MainHeightType>False</MainHeightType>
        <ItemWidthType>False</ItemWidthType>
        <ItemHeightType>False</ItemHeightType>
        <ImageUrl>PreSettings/_default/Chameleon/images/RightOutsideOfBoxTwoColl.jpg</ImageUrl>
        <Version>04.00.00</Version>
        <Description>Description</Description>
    </MainSettings>
    <RotatorSettings>
        <SliderWidth>750</SliderWidth>
        <SliderHeight>400</SliderHeight>
        <APEnabled>True</APEnabled>
        <APInterval>5000</APInterval>
        <APPauseOnHover>True</APPauseOnHover>
        <APIndiDisplay>True</APIndiDisplay>
        <APIndPosV>top</APIndPosV>
        <APIndPosH>left</APIndPosH>
        <APIndPosHOff>20</APIndPosHOff>
        <APIndPosVOff>20</APIndPosVOff>
        <APIndOrientation>horizontal</APIndOrientation>
        <APIndFlipDriect>False</APIndFlipDriect>
        <APIndWidth>100</APIndWidth>
        <APIndHeight>2</APIndHeight>
        <ArrDisplay>True</ArrDisplay>
        <ArrAutoHide>True</ArrAutoHide>
        <ArrHideSpeed>250</ArrHideSpeed>
        <ArrPrevPosV>top</ArrPrevPosV>
        <ArrPrevPosH>left</ArrPrevPosH>
        <ArrPrevPosHOff>0</ArrPrevPosHOff>
        <ArrPrevPosVOff>183</ArrPrevPosVOff>
        <ArrNextPosV>top</ArrNextPosV>
        <ArrNextPosH>right</ArrNextPosH>
        <ArrNextPosHOff>222</ArrNextPosHOff>
        <ArrNextPosVOff>183</ArrNextPosVOff>
        <APTDisplay>True</APTDisplay>
        <APTAutoHide>True</APTAutoHide>
        <APTHideSpeed>250</APTHideSpeed>
        <APTPosV>top</APTPosV>
        <APTPosH>right</APTPosH>
        <APTPosHOff>443</APTPosHOff>
        <APTPosVOff>183</APTPosVOff>
        <ItemInfDisplay>True</ItemInfDisplay>
        <ItemInfWidth>528</ItemInfWidth>
        <ItemInfHeight>100</ItemInfHeight>
        <ItemInfPosV>bottom</ItemInfPosV>
        <ItemInfPosH>left</ItemInfPosH>
        <ItemInfPosHOff>0</ItemInfPosHOff>
        <ItemInfPosVOff>0</ItemInfPosVOff>
        <ItemInfTitleLenght>50</ItemInfTitleLenght>
        <ItemInfDescriptionLenght>500</ItemInfDescriptionLenght>
        <ThumbsDisplay>True</ThumbsDisplay>
        <ThumbsAutoHide>False</ThumbsAutoHide>
        <ThumbsHideSpeed>250</ThumbsHideSpeed>
        <ThumbCaptions>False</ThumbCaptions>
        <ThumbTitleLenght>20</ThumbTitleLenght>
        <ThumbPagiDirection>vertical</ThumbPagiDirection>
        <ThumbPagiDuration>250</ThumbPagiDuration>
        <ThumbPagiEasing>swing</ThumbPagiEasing>
        <ThumbContW>220</ThumbContW>
        <ThumbContH>400</ThumbContH>
        <ThumbContPosV>top</ThumbContPosV>
        <ThumiContPosH>right</ThumiContPosH>
        <ThumbContPosVOff>0</ThumbContPosVOff>
        <ThumbContPosHOff>0</ThumbContPosHOff>
        <PagiDisplay>True</PagiDisplay>
        <PagiPageAtOnce>7</PagiPageAtOnce>
        <PagiDirection>horizontal</PagiDirection>
        <PagiPosV>top</PagiPosV>
        <PagiPosH>right</PagiPosH>
        <PagiPosHOff>237</PagiPosHOff>
        <PagiPosVOff>15</PagiPosVOff>
        <SocialDisplay>False</SocialDisplay>
        <SocialDirection>horizontal</SocialDirection>
        <SocialLoadAfterEffect>False</SocialLoadAfterEffect>
        <SocialPosV>bottom</SocialPosV>
        <SocialPosH>right</SocialPosH>
        <SocialPosHOff>35</SocialPosHOff>
        <SocialPosVOff>58</SocialPosVOff>
        <SocialButtFace>False</SocialButtFace>
        <SocialButtGoogle>False</SocialButtGoogle>
        <SocialButtTwitter>False</SocialButtTwitter>
        <MPDisplay>True</MPDisplay>
        <MPPosV>top</MPPosV>
        <MPPosH>left</MPPosH>
        <MPPosHOff>0</MPPosHOff>
        <MPPosVOff>0</MPPosVOff>
        <MPTransDuration>800</MPTransDuration>
        <MPEffSlideDown>False</MPEffSlideDown>
        <MPEffSlideUp>False</MPEffSlideUp>
        <MPEffSlideLeft>False</MPEffSlideLeft>
        <MPEffSlideRight>False</MPEffSlideRight>
        <MPEffFade>False</MPEffFade>
        <MPEffStripes>True</MPEffStripes>
        <MPEffStripesNumOf>10</MPEffStripesNumOf>
        <MPEffStripesOrientation>horizontal</MPEffStripesOrientation>
        <MPEffStripesDirection>2</MPEffStripesDirection>
        <MPEffStripesStartAt>3</MPEffStripesStartAt>
        <MPEffStripesRandOrient>True</MPEffStripesRandOrient>
        <MPEffStripesRandDirect>True</MPEffStripesRandDirect>
        <MPEffStripesRandStartAt>True</MPEffStripesRandStartAt>
        <KeyBrowse>True</KeyBrowse>
        <RediOnClick>False</RediOnClick>
        <RediOnClickTarget>_self</RediOnClickTarget>
        <SlideForceH>false</SlideForceH>
        <SlideForceV>false</SlideForceV>
        <MPPosVAsRatio>False</MPPosVAsRatio>
        <MPPosHAsRatio>False</MPPosHAsRatio>
        <ThumbContWAsRatio>False</ThumbContWAsRatio>
        <ThumbContHAsRatio>False</ThumbContHAsRatio>
        <ThumbContPosVAsRatio>False</ThumbContPosVAsRatio>
        <ThumbContPosHAsRatio>False</ThumbContPosHAsRatio>
        <ItemInfWAsRatio>False</ItemInfWAsRatio>
        <ItemInfHAsRatio>False</ItemInfHAsRatio>
        <ItemInfPosVAsRatio>False</ItemInfPosVAsRatio>
        <ItemInfPosHAsRatio>False</ItemInfPosHAsRatio>
        <ArrPrevPosVAsRatio>False</ArrPrevPosVAsRatio>
        <ArrPrevPosHAsRatio>False</ArrPrevPosHAsRatio>
        <ArrnextPosVAsRatio>False</ArrnextPosVAsRatio>
        <ArrnextPosHAsRatio>False</ArrnextPosHAsRatio>
        <APindPosVAsRatio>False</APindPosVAsRatio>
        <APindPosHAsRatio>False</APindPosHAsRatio>
        <APindWAsRatio>False</APindWAsRatio>
        <APindHAsRatio>False</APindHAsRatio>
        <ATTPosVAsRatio>False</ATTPosVAsRatio>
        <ATTPosHAsRatio>False</ATTPosHAsRatio>
        <PagiPosVAsRatio>False</PagiPosVAsRatio>
        <PagiPosHAsRatio>False</PagiPosHAsRatio>
        <SocialPosVAsRatio>False</SocialPosVAsRatio>
        <SocialPosHAsRatio>False</SocialPosHAsRatio>
    </RotatorSettings>
</Settings>
