﻿<?xml version="1.0" encoding="utf-8"?>
<Settings>
    <MainSettings>
        <SettingsName>TopOutOfBox</SettingsName>
        <PictureW>750</PictureW>
        <PictureH>400</PictureH>
        <ThumbW>100</ThumbW>
        <ThumbH>46</ThumbH>
        <NumToRotate>20</NumToRotate>
        <ControlName>ChameleonRotator.ascx</ControlName>
        <ThemeName>callisto.css</ThemeName>
        <CssClass>0</CssClass>
        <ShadowCss>0</ShadowCss>
        <ShadowStyle>0</ShadowStyle>
        <MCBorderSize>0</MCBorderSize>
        <MCBorderColor>ffffff</MCBorderColor>
        <Fallback>False</Fallback>
        <MainWidthType>False</MainWidthType>
        <MainHeightType>False</MainHeightType>
        <ItemWidthType>False</ItemWidthType>
        <ItemHeightType>False</ItemHeightType>
        <ImageUrl>PreSettings/_default/Chameleon/images/TopOutOfBox.jpg</ImageUrl>
        <Version>04.00.00</Version>
        <Description>Description</Description>
    </MainSettings>
    <RotatorSettings>
        <SliderWidth>750</SliderWidth>
        <SliderHeight>490</SliderHeight>
        <APEnabled>True</APEnabled>
        <APInterval>4000</APInterval>
        <APPauseOnHover>True</APPauseOnHover>
        <APIndiDisplay>True</APIndiDisplay>
        <APIndPosV>bottom</APIndPosV>
        <APIndPosH>left</APIndPosH>
        <APIndPosHOff>0</APIndPosHOff>
        <APIndPosVOff>0</APIndPosVOff>
        <APIndOrientation>horizontal</APIndOrientation>
        <APIndFlipDriect>False</APIndFlipDriect>
        <APIndWidth>750</APIndWidth>
        <APIndHeight>2</APIndHeight>
        <ArrDisplay>True</ArrDisplay>
        <ArrAutoHide>True</ArrAutoHide>
        <ArrHideSpeed>250</ArrHideSpeed>
        <ArrPrevPosV>bottom</ArrPrevPosV>
        <ArrPrevPosH>left</ArrPrevPosH>
        <ArrPrevPosHOff>0</ArrPrevPosHOff>
        <ArrPrevPosVOff>183</ArrPrevPosVOff>
        <ArrNextPosV>bottom</ArrNextPosV>
        <ArrNextPosH>right</ArrNextPosH>
        <ArrNextPosHOff>0</ArrNextPosHOff>
        <ArrNextPosVOff>183</ArrNextPosVOff>
        <APTDisplay>True</APTDisplay>
        <APTAutoHide>True</APTAutoHide>
        <APTHideSpeed>250</APTHideSpeed>
        <APTPosV>bottom</APTPosV>
        <APTPosH>left</APTPosH>
        <APTPosHOff>347</APTPosHOff>
        <APTPosVOff>183</APTPosVOff>
        <ItemInfDisplay>True</ItemInfDisplay>
        <ItemInfWidth>750</ItemInfWidth>
        <ItemInfHeight>100</ItemInfHeight>
        <ItemInfPosV>bottom</ItemInfPosV>
        <ItemInfPosH>left</ItemInfPosH>
        <ItemInfPosHOff>0</ItemInfPosHOff>
        <ItemInfPosVOff>0</ItemInfPosVOff>
        <ItemInfTitleLenght>50</ItemInfTitleLenght>
        <ItemInfDescriptionLenght>500</ItemInfDescriptionLenght>
        <ThumbsDisplay>True</ThumbsDisplay>
        <ThumbsAutoHide>False</ThumbsAutoHide>
        <ThumbsHideSpeed>250</ThumbsHideSpeed>
        <ThumbCaptions>False</ThumbCaptions>
        <ThumbTitleLenght>20</ThumbTitleLenght>
        <ThumbPagiDirection>horizontal</ThumbPagiDirection>
        <ThumbPagiDuration>250</ThumbPagiDuration>
        <ThumbPagiEasing>swing</ThumbPagiEasing>
        <ThumbContW>720</ThumbContW>
        <ThumbContH>65</ThumbContH>
        <ThumbContPosV>top</ThumbContPosV>
        <ThumiContPosH>left</ThumiContPosH>
        <ThumbContPosVOff>0</ThumbContPosVOff>
        <ThumbContPosHOff>15</ThumbContPosHOff>
        <PagiDisplay>True</PagiDisplay>
        <PagiPageAtOnce>9</PagiPageAtOnce>
        <PagiDirection>horizontal</PagiDirection>
        <PagiPosV>bottom</PagiPosV>
        <PagiPosH>right</PagiPosH>
        <PagiPosHOff>15</PagiPosHOff>
        <PagiPosVOff>105</PagiPosVOff>
        <SocialDisplay>False</SocialDisplay>
        <SocialDirection>horizontal</SocialDirection>
        <SocialLoadAfterEffect>False</SocialLoadAfterEffect>
        <SocialPosV>top</SocialPosV>
        <SocialPosH>right</SocialPosH>
        <SocialPosHOff>5</SocialPosHOff>
        <SocialPosVOff>100</SocialPosVOff>
        <SocialButtFace>False</SocialButtFace>
        <SocialButtGoogle>False</SocialButtGoogle>
        <SocialButtTwitter>False</SocialButtTwitter>
        <MPDisplay>True</MPDisplay>
        <MPPosV>bottom</MPPosV>
        <MPPosH>left</MPPosH>
        <MPPosHOff>0</MPPosHOff>
        <MPPosVOff>0</MPPosVOff>
        <MPTransDuration>800</MPTransDuration>
        <MPEffSlideDown>True</MPEffSlideDown>
        <MPEffSlideUp>True</MPEffSlideUp>
        <MPEffSlideLeft>True</MPEffSlideLeft>
        <MPEffSlideRight>True</MPEffSlideRight>
        <MPEffFade>True</MPEffFade>
        <MPEffStripes>True</MPEffStripes>
        <MPEffStripesNumOf>10</MPEffStripesNumOf>
        <MPEffStripesOrientation>horizontal</MPEffStripesOrientation>
        <MPEffStripesDirection>0</MPEffStripesDirection>
        <MPEffStripesStartAt>0</MPEffStripesStartAt>
        <MPEffStripesRandOrient>True</MPEffStripesRandOrient>
        <MPEffStripesRandDirect>True</MPEffStripesRandDirect>
        <MPEffStripesRandStartAt>True</MPEffStripesRandStartAt>
        <KeyBrowse>True</KeyBrowse>
        <RediOnClick>False</RediOnClick>
        <RediOnClickTarget>_self</RediOnClickTarget>
        <SlideForceH>false</SlideForceH>
        <SlideForceV>false</SlideForceV>
        <MPPosVAsRatio>False</MPPosVAsRatio>
        <MPPosHAsRatio>False</MPPosHAsRatio>
        <ThumbContWAsRatio>False</ThumbContWAsRatio>
        <ThumbContHAsRatio>False</ThumbContHAsRatio>
        <ThumbContPosVAsRatio>False</ThumbContPosVAsRatio>
        <ThumbContPosHAsRatio>False</ThumbContPosHAsRatio>
        <ItemInfWAsRatio>False</ItemInfWAsRatio>
        <ItemInfHAsRatio>False</ItemInfHAsRatio>
        <ItemInfPosVAsRatio>False</ItemInfPosVAsRatio>
        <ItemInfPosHAsRatio>False</ItemInfPosHAsRatio>
        <ArrPrevPosVAsRatio>False</ArrPrevPosVAsRatio>
        <ArrPrevPosHAsRatio>False</ArrPrevPosHAsRatio>
        <ArrnextPosVAsRatio>False</ArrnextPosVAsRatio>
        <ArrnextPosHAsRatio>False</ArrnextPosHAsRatio>
        <APindPosVAsRatio>False</APindPosVAsRatio>
        <APindPosHAsRatio>False</APindPosHAsRatio>
        <APindWAsRatio>False</APindWAsRatio>
        <APindHAsRatio>False</APindHAsRatio>
        <ATTPosVAsRatio>False</ATTPosVAsRatio>
        <ATTPosHAsRatio>False</ATTPosHAsRatio>
        <PagiPosVAsRatio>False</PagiPosVAsRatio>
        <PagiPosHAsRatio>False</PagiPosHAsRatio>
        <SocialPosVAsRatio>False</SocialPosVAsRatio>
        <SocialPosHAsRatio>False</SocialPosHAsRatio>
    </RotatorSettings>
</Settings>
