﻿<?xml version="1.0" encoding="utf-8"?>
<Settings>
  <MainSettings>
    <SettingsName>Video and images 1</SettingsName>
    <PictureW>70</PictureW>
    <PictureH>70</PictureH>
    <ThumbW>75</ThumbW>
    <ThumbH>50</ThumbH>
    <NumToRotate>20</NumToRotate>
    <ControlName>ChameleonRotator.ascx</ControlName>
    <ThemeName>sirius.css</ThemeName>
    <CssClass>0</CssClass>
    <ShadowCss>0</ShadowCss>
    <ShadowStyle />
    <MCBorderSize>0</MCBorderSize>
    <MCBorderColor>ffffff</MCBorderColor>
    <Fallback>False</Fallback>
    <MainWidthType>True</MainWidthType>
    <MainHeightType>True</MainHeightType>
    <ItemWidthType>True</ItemWidthType>
    <ItemHeightType>True</ItemHeightType>
    <Randomize>True</Randomize>
    <GlobalJpegQuality>97</GlobalJpegQuality>
    <CropMethod>0</CropMethod>
    <ImageUrl>PreSettings/_default/Chameleon/images/video1_thumb.jpg</ImageUrl>
    <Version>05.09.00</Version>
    <Description>Description</Description>
  </MainSettings>
  <RotatorSettings>
    <SliderWidth>100</SliderWidth>
    <SliderHeight>55</SliderHeight>
    <APEnabled>True</APEnabled>
    <APInterval>5000</APInterval>
    <APPauseOnHover>True</APPauseOnHover>
    <APIndiDisplay>True</APIndiDisplay>
    <APIndPosV>top</APIndPosV>
    <APIndPosH>left</APIndPosH>
    <APIndPosHOff>0</APIndPosHOff>
    <APIndPosVOff>0</APIndPosVOff>
    <APIndOrientation>horizontal</APIndOrientation>
    <APIndFlipDriect>False</APIndFlipDriect>
    <APIndWidth>100</APIndWidth>
    <APIndHeight>2</APIndHeight>
    <ArrDisplay>True</ArrDisplay>
    <ArrAutoHide>True</ArrAutoHide>
    <ArrHideSpeed>250</ArrHideSpeed>
    <ArrPrevPosV>top</ArrPrevPosV>
    <ArrPrevPosH>left</ArrPrevPosH>
    <ArrPrevPosHOff>0</ArrPrevPosHOff>
    <ArrPrevPosVOff>35</ArrPrevPosVOff>
    <ArrNextPosV>top</ArrNextPosV>
    <ArrNextPosH>right</ArrNextPosH>
    <ArrNextPosHOff>27</ArrNextPosHOff>
    <ArrNextPosVOff>35</ArrNextPosVOff>
    <APTDisplay>False</APTDisplay>
    <APTAutoHide>True</APTAutoHide>
    <APTHideSpeed>250</APTHideSpeed>
    <APTPosV>top</APTPosV>
    <APTPosH>left</APTPosH>
    <APTPosHOff>35</APTPosHOff>
    <APTPosVOff>35</APTPosVOff>
    <ItemInfDisplay>True</ItemInfDisplay>
    <ItemInfWidth>95</ItemInfWidth>
    <ItemInfHeight>22</ItemInfHeight>
    <ItemInfPosV>bottom</ItemInfPosV>
    <ItemInfPosH>left</ItemInfPosH>
    <ItemInfPosHOff>20</ItemInfPosHOff>
    <ItemInfPosVOff>20</ItemInfPosVOff>
    <ItemInfTitleLenght>100</ItemInfTitleLenght>
    <ItemInfDescriptionLenght>1000</ItemInfDescriptionLenght>
    <ThumbsDisplay>True</ThumbsDisplay>
    <ThumbsAutoHide>False</ThumbsAutoHide>
    <ThumbsHideSpeed>250</ThumbsHideSpeed>
    <ThumbCaptions>True</ThumbCaptions>
    <ThumbTitleLenght>20</ThumbTitleLenght>
    <ThumbPagiDirection>vertical</ThumbPagiDirection>
    <ThumbPagiDuration>250</ThumbPagiDuration>
    <ThumbPagiEasing>swing</ThumbPagiEasing>
    <ThumbContW>30</ThumbContW>
    <ThumbContH>70</ThumbContH>
    <ThumbContPosV>top</ThumbContPosV>
    <ThumiContPosH>right</ThumiContPosH>
    <ThumbContPosVOff>10</ThumbContPosVOff>
    <ThumbContPosHOff>0</ThumbContPosHOff>
    <PagiDisplay>False</PagiDisplay>
    <PagiPageAtOnce>7</PagiPageAtOnce>
    <PagiDirection>horizontal</PagiDirection>
    <PagiPosV>top</PagiPosV>
    <PagiPosH>right</PagiPosH>
    <PagiPosHOff>30</PagiPosHOff>
    <PagiPosVOff>20</PagiPosVOff>
    <SocialDisplay>True</SocialDisplay>
    <SocialDirection>horizontal</SocialDirection>
    <SocialLoadAfterEffect>False</SocialLoadAfterEffect>
    <SocialPosV>bottom</SocialPosV>
    <SocialPosH>right</SocialPosH>
    <SocialPosHOff>210</SocialPosHOff>
    <SocialPosVOff>125</SocialPosVOff>
    <SocialButtFace>True</SocialButtFace>
    <SocialButtGoogle>True</SocialButtGoogle>
    <SocialButtTwitter>True</SocialButtTwitter>
    <MPDisplay>True</MPDisplay>
    <MPPosV>top</MPPosV>
    <MPPosH>left</MPPosH>
    <MPPosHOff>20</MPPosHOff>
    <MPPosVOff>20</MPPosVOff>
    <MPTransDuration>800</MPTransDuration>
    <MPEffSlideDown>True</MPEffSlideDown>
    <MPEffSlideUp>True</MPEffSlideUp>
    <MPEffSlideLeft>True</MPEffSlideLeft>
    <MPEffSlideRight>True</MPEffSlideRight>
    <MPEffFade>True</MPEffFade>
    <MPEffStripes>False</MPEffStripes>
    <MPEffStripesNumOf>10</MPEffStripesNumOf>
    <MPEffStripesOrientation>horizontal</MPEffStripesOrientation>
    <MPEffStripesDirection>2</MPEffStripesDirection>
    <MPEffStripesStartAt>3</MPEffStripesStartAt>
    <MPEffStripesRandOrient>True</MPEffStripesRandOrient>
    <MPEffStripesRandDirect>True</MPEffStripesRandDirect>
    <MPEffStripesRandStartAt>True</MPEffStripesRandStartAt>
    <KeyBrowse>True</KeyBrowse>
    <RediOnClick>True</RediOnClick>
    <RediOnClickTarget>_self</RediOnClickTarget>
    <SlideForceH>False</SlideForceH>
    <SlideForceV>False</SlideForceV>
    <MPPosVAsRatio>False</MPPosVAsRatio>
    <MPPosHAsRatio>False</MPPosHAsRatio>
    <ThumbContWAsRatio>True</ThumbContWAsRatio>
    <ThumbContHAsRatio>True</ThumbContHAsRatio>
    <ThumbContPosVAsRatio>False</ThumbContPosVAsRatio>
    <ThumbContPosHAsRatio>False</ThumbContPosHAsRatio>
    <ItemInfWAsRatio>True</ItemInfWAsRatio>
    <ItemInfHAsRatio>True</ItemInfHAsRatio>
    <ItemInfPosVAsRatio>False</ItemInfPosVAsRatio>
    <ItemInfPosHAsRatio>False</ItemInfPosHAsRatio>
    <ArrPrevPosVAsRatio>True</ArrPrevPosVAsRatio>
    <ArrPrevPosHAsRatio>False</ArrPrevPosHAsRatio>
    <ArrnextPosVAsRatio>True</ArrnextPosVAsRatio>
    <ArrnextPosHAsRatio>True</ArrnextPosHAsRatio>
    <APindPosVAsRatio>False</APindPosVAsRatio>
    <APindPosHAsRatio>False</APindPosHAsRatio>
    <APindWAsRatio>True</APindWAsRatio>
    <APindHAsRatio>False</APindHAsRatio>
    <ATTPosVAsRatio>True</ATTPosVAsRatio>
    <ATTPosHAsRatio>True</ATTPosHAsRatio>
    <PagiPosVAsRatio>False</PagiPosVAsRatio>
    <PagiPosHAsRatio>True</PagiPosHAsRatio>
    <SocialPosVAsRatio>False</SocialPosVAsRatio>
    <SocialPosHAsRatio>False</SocialPosHAsRatio>
    <TooltipsDisplay>False</TooltipsDisplay>
    <TooltipsTitle>True</TooltipsTitle>
    <TooltipsTitleLenght>25</TooltipsTitleLenght>
    <TooltipsDescription>False</TooltipsDescription>
    <TooltipsDescriptionLenght>100</TooltipsDescriptionLenght>
    <TooltipsPosition>topcenter</TooltipsPosition>
    <TooltipsCssClass>grey</TooltipsCssClass>
    <StrechImage>True</StrechImage>
    <ResizeToContent>False</ResizeToContent>
    <MainPanelImageAlign>0</MainPanelImageAlign>
    <ItemInfShowOnHover>False</ItemInfShowOnHover>
    <VideoAutoPlay>False</VideoAutoPlay>
    <HeightReferencesWidth>True</HeightReferencesWidth>
  </RotatorSettings>
</Settings>