﻿<?xml version="1.0" encoding="utf-8"?>
<Settings>
    <MainSettings>
        <SettingsName>Fluid Background - Works only with modified skins that support a fluid background</SettingsName>
        <PictureW>100</PictureW>
        <PictureH>100</PictureH>
        <ThumbW>100</ThumbW>
        <ThumbH>46</ThumbH>
        <NumToRotate>40</NumToRotate>
        <ControlName>ChameleonRotator.ascx</ControlName>
        <ThemeName>sirius.css</ThemeName>
        <CssClass>0</CssClass>
        <ShadowCss>0</ShadowCss>
        <ShadowStyle />
        <MCBorderSize>0</MCBorderSize>
        <MCBorderColor>ffffff</MCBorderColor>
        <Fallback>False</Fallback>
        <MainWidthType>True</MainWidthType>
        <MainHeightType>True</MainHeightType>
        <ItemWidthType>True</ItemWidthType>
        <ItemHeightType>True</ItemHeightType>
        <ImageUrl>PreSettings/_default/Chameleon/images/FluidBackground.jpg</ImageUrl>
        <Version>04.05.00</Version>
        <Description>Works only with modified skins that support a fluid background.</Description>
    </MainSettings>
    <RotatorSettings>
        <SliderWidth>100</SliderWidth>
        <SliderHeight>100</SliderHeight>
        <APEnabled>True</APEnabled>
        <APInterval>4000</APInterval>
        <APPauseOnHover>False</APPauseOnHover>
        <APIndiDisplay>False</APIndiDisplay>
        <APIndPosV>top</APIndPosV>
        <APIndPosH>left</APIndPosH>
        <APIndPosHOff>0</APIndPosHOff>
        <APIndPosVOff>0</APIndPosVOff>
        <APIndOrientation>horizontal</APIndOrientation>
        <APIndFlipDriect>False</APIndFlipDriect>
        <APIndWidth>100</APIndWidth>
        <APIndHeight>2</APIndHeight>
        <ArrDisplay>True</ArrDisplay>
        <ArrAutoHide>True</ArrAutoHide>
        <ArrHideSpeed>250</ArrHideSpeed>
        <ArrPrevPosV>top</ArrPrevPosV>
        <ArrPrevPosH>left</ArrPrevPosH>
        <ArrPrevPosHOff>0</ArrPrevPosHOff>
        <ArrPrevPosVOff>50</ArrPrevPosVOff>
        <ArrNextPosV>top</ArrNextPosV>
        <ArrNextPosH>right</ArrNextPosH>
        <ArrNextPosHOff>0</ArrNextPosHOff>
        <ArrNextPosVOff>50</ArrNextPosVOff>
        <APTDisplay>False</APTDisplay>
        <APTAutoHide>True</APTAutoHide>
        <APTHideSpeed>250</APTHideSpeed>
        <APTPosV>top</APTPosV>
        <APTPosH>left</APTPosH>
        <APTPosHOff>50</APTPosHOff>
        <APTPosVOff>50</APTPosVOff>
        <ItemInfDisplay>False</ItemInfDisplay>
        <ItemInfWidth>250</ItemInfWidth>
        <ItemInfHeight>100</ItemInfHeight>
        <ItemInfPosV>top</ItemInfPosV>
        <ItemInfPosH>right</ItemInfPosH>
        <ItemInfPosHOff>50</ItemInfPosHOff>
        <ItemInfPosVOff>50</ItemInfPosVOff>
        <ItemInfTitleLenght>200</ItemInfTitleLenght>
        <ItemInfDescriptionLenght>500</ItemInfDescriptionLenght>
        <ThumbsDisplay>True</ThumbsDisplay>
        <ThumbsAutoHide>True</ThumbsAutoHide>
        <ThumbsHideSpeed>1500</ThumbsHideSpeed>
        <ThumbCaptions>False</ThumbCaptions>
        <ThumbTitleLenght>20</ThumbTitleLenght>
        <ThumbPagiDirection>vertical</ThumbPagiDirection>
        <ThumbPagiDuration>250</ThumbPagiDuration>
        <ThumbPagiEasing>swing</ThumbPagiEasing>
        <ThumbContW>150</ThumbContW>
        <ThumbContH>100</ThumbContH>
        <ThumbContPosV>top</ThumbContPosV>
        <ThumiContPosH>left</ThumiContPosH>
        <ThumbContPosVOff>0</ThumbContPosVOff>
        <ThumbContPosHOff>50</ThumbContPosHOff>
        <PagiDisplay>False</PagiDisplay>
        <PagiPageAtOnce>9</PagiPageAtOnce>
        <PagiDirection>horizontal</PagiDirection>
        <PagiPosV>bottom</PagiPosV>
        <PagiPosH>left</PagiPosH>
        <PagiPosHOff>50</PagiPosHOff>
        <PagiPosVOff>10</PagiPosVOff>
        <SocialDisplay>False</SocialDisplay>
        <SocialDirection>horizontal</SocialDirection>
        <SocialLoadAfterEffect>False</SocialLoadAfterEffect>
        <SocialPosV>top</SocialPosV>
        <SocialPosH>right</SocialPosH>
        <SocialPosHOff>5</SocialPosHOff>
        <SocialPosVOff>100</SocialPosVOff>
        <SocialButtFace>False</SocialButtFace>
        <SocialButtGoogle>False</SocialButtGoogle>
        <SocialButtTwitter>False</SocialButtTwitter>
        <MPDisplay>True</MPDisplay>
        <MPPosV>bottom</MPPosV>
        <MPPosH>left</MPPosH>
        <MPPosHOff>0</MPPosHOff>
        <MPPosVOff>0</MPPosVOff>
        <MPTransDuration>800</MPTransDuration>
        <MPEffSlideDown>False</MPEffSlideDown>
        <MPEffSlideUp>False</MPEffSlideUp>
        <MPEffSlideLeft>False</MPEffSlideLeft>
        <MPEffSlideRight>False</MPEffSlideRight>
        <MPEffFade>True</MPEffFade>
        <MPEffStripes>False</MPEffStripes>
        <MPEffStripesNumOf>10</MPEffStripesNumOf>
        <MPEffStripesOrientation>horizontal</MPEffStripesOrientation>
        <MPEffStripesDirection>0</MPEffStripesDirection>
        <MPEffStripesStartAt>0</MPEffStripesStartAt>
        <MPEffStripesRandOrient>True</MPEffStripesRandOrient>
        <MPEffStripesRandDirect>True</MPEffStripesRandDirect>
        <MPEffStripesRandStartAt>True</MPEffStripesRandStartAt>
        <KeyBrowse>True</KeyBrowse>
        <RediOnClick>True</RediOnClick>
        <RediOnClickTarget>_self</RediOnClickTarget>
        <SlideForceH>False</SlideForceH>
        <SlideForceV>False</SlideForceV>
        <MPPosVAsRatio>True</MPPosVAsRatio>
        <MPPosHAsRatio>True</MPPosHAsRatio>
        <ThumbContWAsRatio>False</ThumbContWAsRatio>
        <ThumbContHAsRatio>True</ThumbContHAsRatio>
        <ThumbContPosVAsRatio>True</ThumbContPosVAsRatio>
        <ThumbContPosHAsRatio>False</ThumbContPosHAsRatio>
        <ItemInfWAsRatio>False</ItemInfWAsRatio>
        <ItemInfHAsRatio>True</ItemInfHAsRatio>
        <ItemInfPosVAsRatio>False</ItemInfPosVAsRatio>
        <ItemInfPosHAsRatio>False</ItemInfPosHAsRatio>
        <ArrPrevPosVAsRatio>True</ArrPrevPosVAsRatio>
        <ArrPrevPosHAsRatio>True</ArrPrevPosHAsRatio>
        <ArrnextPosVAsRatio>True</ArrnextPosVAsRatio>
        <ArrnextPosHAsRatio>True</ArrnextPosHAsRatio>
        <APindPosVAsRatio>True</APindPosVAsRatio>
        <APindPosHAsRatio>True</APindPosHAsRatio>
        <APindWAsRatio>True</APindWAsRatio>
        <APindHAsRatio>False</APindHAsRatio>
        <ATTPosVAsRatio>True</ATTPosVAsRatio>
        <ATTPosHAsRatio>True</ATTPosHAsRatio>
        <PagiPosVAsRatio>False</PagiPosVAsRatio>
        <PagiPosHAsRatio>True</PagiPosHAsRatio>
        <SocialPosVAsRatio>False</SocialPosVAsRatio>
        <SocialPosHAsRatio>False</SocialPosHAsRatio>
        <TooltipsDisplay>False</TooltipsDisplay>
        <TooltipsTitle>True</TooltipsTitle>
        <TooltipsTitleLenght>200</TooltipsTitleLenght>
        <TooltipsDescription>True</TooltipsDescription>
        <TooltipsDescriptionLenght>200</TooltipsDescriptionLenght>
        <TooltipsPosition>rightcenter</TooltipsPosition>
        <TooltipsCssClass>blue</TooltipsCssClass>
        <StrechImage>True</StrechImage>
    </RotatorSettings>
</Settings>