<?xml version="1.0" encoding="utf-8"?>
<PortfolioProSettings xmlns:xsi="http://www.w3.org/2001/XMLSchema-instance" xmlns:xsd="http://www.w3.org/2001/XMLSchema">
  <ThumbnailWidth>290</ThumbnailWidth>
  <ThumbnailHeight>250</ThumbnailHeight>
  <ShowTitle>true</ShowTitle>
  <ShowDescription>true</ShowDescription>
  <ShowSubtitle>true</ShowSubtitle>
  <MediaSorting>Position</MediaSorting>
  <MediaSortingAscType>ASC</MediaSortingAscType>
  <ItemsPerPage>9</ItemsPerPage>
  <ItemsGapVertical>20</ItemsGapVertical>
  <ItemsGapHorizontal>15</ItemsGapHorizontal>
  <ImagesDisplayType>fadeIn</ImagesDisplayType>
  <DisplayTypeSpeed>100</DisplayTypeSpeed>
  <NestedGalleriesAnimationType>sequentially</NestedGalleriesAnimationType>
  <CaptionAnimation>fadeIn</CaptionAnimation>
  <GridAdjustment>alignCenter</GridAdjustment>
  <DisplayNestedGalleries>false</DisplayNestedGalleries>
  <DisplayAllNestedGalleries>false</DisplayAllNestedGalleries>
  <NestedNavigationType>dropdown</NestedNavigationType>
  <LightboxType>fullpage</LightboxType>
  <ShowImageCounter>true</ShowImageCounter>
  <ShowTitleInLightbox>true</ShowTitleInLightbox>
  <TempalteName>Portfolio 04.xml</TempalteName>
  <GridClass>team</GridClass>
  <LiClass>NoClass</LiClass>
</PortfolioProSettings>