﻿<?xml version="1.0" encoding="utf-8"?>
<EasyDNNrotator>
  <Preview>
    <SettingsName>Tablet_portrait</SettingsName>
    <ImageUrl>PreSettings/_default/DeviceRotator/images/Tablet_portrait.jpg</ImageUrl>
    <Version>07.00.00</Version>
    <Description>Tablet_portrait</Description>
  </Preview>
  <RotatorSettings>
    <ModuleID>551</ModuleID>
    <RotatorTypeID>17</RotatorTypeID>
    <PortalID>0</PortalID>
    <ListID>1</ListID>
    <UserID>1</UserID>
    <DateCreated>2015-05-18T08:21:26.507</DateCreated>
    <ListNewsGallery>0</ListNewsGallery>
    <SettingsName>Device Rotator - 551</SettingsName>
    <PictureW>383</PictureW>
    <PictureH>510</PictureH>
    <ThumbW>0</ThumbW>
    <ThumbH>0</ThumbH>
    <NumToRotate>20</NumToRotate>
    <ControlName>MultiRotator.ascx</ControlName>
    <ThemeName>Tablet.css</ThemeName>
    <CssClass></CssClass>
    <ShadowCss></ShadowCss>
    <ShadowStyle></ShadowStyle>
    <MCBorderSize>0</MCBorderSize>
    <MCBorderColor>ffff</MCBorderColor>
    <FullRotatorW>383</FullRotatorW>
    <FullRotatorH>510</FullRotatorH>
    <Fallback>0</Fallback>
    <MainWidthType>0</MainWidthType>
    <MainHeightType>0</MainHeightType>
    <ItemWidthType>0</ItemWidthType>
    <ItemHeightType>0</ItemHeightType>
    <ScriptVersion></ScriptVersion>
    <ScriptName>multislider.min.js</ScriptName>
    <HtmTemplate>Tablet_portrait.html</HtmTemplate>
    <Randomize>0</Randomize>
    <GlobalJpegQuality>97</GlobalJpegQuality>
    <CropMethod>0</CropMethod>
    <Visibility>0</Visibility>
    <HideUnlocalizedItems>0</HideUnlocalizedItems>
    <CacheContent>0</CacheContent>
    <CreateMainPicture>1</CreateMainPicture>
    <CreateThumbnail>0</CreateThumbnail>
  </RotatorSettings>
  <DeviceRotatorSettings>
    <ModuleID>551</ModuleID>
    <SettingsViewState>width:383,height:510,autoplay:false,speed:20,loop:false,grabCursor:true,swipe:true,mouseSwipe:true,view:'basic',wheel:true</SettingsViewState>
    <Width>383</Width>
    <Height>510</Height>
    <GrabCursor>1</GrabCursor>
    <Swipe>1</Swipe>
    <Mouse>1</Mouse>
    <Wheel>1</Wheel>
    <Autoplay>0</Autoplay>
    <Loop>0</Loop>
    <Speed>20</Speed>
    <View>basic</View>
    <ShowTitle>1</ShowTitle>
    <TitleLength>0</TitleLength>
    <ShowDescription>1</ShowDescription>
    <DescriptionLength>0</DescriptionLength>
    <StripDescription>0</StripDescription>
    <ShowReadMore>1</ShowReadMore>
    <SlideLink>0</SlideLink>
  </DeviceRotatorSettings>
  <PortalGUID>16bc419a-126c-492f-951e-108431d00ce3</PortalGUID>
</EasyDNNrotator>