<?xml version="1.0" encoding="utf-8"?>
<GallerySettings xmlns:xsi="http://www.w3.org/2001/XMLSchema-instance" xmlns:xsd="http://www.w3.org/2001/XMLSchema">
  <GalleryID>1</GalleryID>
  <DisplayType>ImageSlider</DisplayType>
  <LightboxType>facebook</LightboxType>
  <LightboxTitle>False</LightboxTitle>
  <LightboxOpacity>80</LightboxOpacity>
  <LightboxPadding>80</LightboxPadding>
  <IntegrateBlog>NE</IntegrateBlog>
  <LightBoxSlideShow>False</LightBoxSlideShow>
  <LightBoxSlideShowInterval>2000</LightBoxSlideShowInterval>
  <QueryString />
  <ShowTitle>False</ShowTitle>
  <ShowDescription>False</ShowDescription>
  <ShowMediaTitle>False</ShowMediaTitle>
  <ShowMediaDescription>False</ShowMediaDescription>
  <OpenMediaUrl>False</OpenMediaUrl>
  <NewWindow>False</NewWindow>
  <ShowPanel>True</ShowPanel>
  <FilmStrip>True</FilmStrip>
  <FilmStripSize>5</FilmStripSize>
  <SSImageWidth>600</SSImageWidth>
  <SSImageHeight>400</SSImageHeight>
  <SSThumbImageWidth>80</SSThumbImageWidth>
  <SSThumbImageHeight>80</SSThumbImageHeight>
  <SliderTransition>500</SliderTransition>
  <SliderEffect>random</SliderEffect>
  <SSAutoSlide>NE</SSAutoSlide>
  <SSAutoSlidePause>5000</SSAutoSlidePause>
  <SSAutoSlideRandom>NE</SSAutoSlideRandom>
  <SSAutoStartRandom>False</SSAutoStartRandom>
  <SSCSSFile>EDGMain.css</SSCSSFile>
  <OverlaySize>50</OverlaySize>
  <OverlayOpacity>50</OverlayOpacity>
  <OverlayTextColor>111111</OverlayTextColor>
  <TransitionInterval>5000</TransitionInterval>
  <PagingVisible>False</PagingVisible>
  <TGColumns>4</TGColumns>
  <TGImageWidth>150</TGImageWidth>
  <TGImageHeight>150</TGImageHeight>
  <TGItemsPerPage>4</TGItemsPerPage>
  <TGCSSFile>EDGMain.css</TGCSSFile>
  <LightboxDescription>False</LightboxDescription>
  <VGColumns>10</VGColumns>
  <VGCSSFile>EDGMain.css</VGCSSFile>
</GallerySettings>