<?xml version="1.0" encoding="utf-8"?>
<GallerySettings xmlns:xsi="http://www.w3.org/2001/XMLSchema-instance" xmlns:xsd="http://www.w3.org/2001/XMLSchema">
  <GalleryID>7</GalleryID>
  <DisplayControl>LightBoxPortfolio.ascx</DisplayControl>
  <DisplayType>portfolio</DisplayType>
  <LightboxType>light_rounded</LightboxType>
  <LightboxTitle>False</LightboxTitle>
  <LightboxOpacity>80</LightboxOpacity>
  <LightboxPadding>80</LightboxPadding>
  <LightBoxSSAP>False</LightBoxSSAP>
  <LightboxAnimationSpeed>fast</LightboxAnimationSpeed>
  <EbnableUserUpload>False</EbnableUserUpload>
  <RolesToUpload />
  <ShowEnterUrl>False</ShowEnterUrl>
  <ApproveMedia>False</ApproveMedia>
  <ShowOnlyUpload>False</ShowOnlyUpload>
  <OverlayGallery>False</OverlayGallery>
  <IntegrateBlog>NE</IntegrateBlog>
  <UploadResize>False</UploadResize>
  <UploadResizeWidth>800</UploadResizeWidth>
  <UploadResizeHeight>600</UploadResizeHeight>
  <LightBoxSlideShow>False</LightBoxSlideShow>
  <LightBoxSlideShowInterval>5000</LightBoxSlideShowInterval>
  <QueryString />
  <ShowTitle>False</ShowTitle>
  <ShowDescription>False</ShowDescription>
  <ShowMediaTitle>True</ShowMediaTitle>
  <ShowMediaDescription>False</ShowMediaDescription>
  <IncludejQuery>True</IncludejQuery>
  <OverrideJquery>default</OverrideJquery>
  <ShowMediaTitleThumbnail>True</ShowMediaTitleThumbnail>
  <ShowMediaDescriptionThumbnail>False</ShowMediaDescriptionThumbnail>
  <OpenMediaUrl>False</OpenMediaUrl>
  <NewWindow>False</NewWindow>
  <RandomizeMedia>False</RandomizeMedia>
  <SmartCrop>False</SmartCrop>
  <ShowPanel>True</ShowPanel>
  <FilmStrip>True</FilmStrip>
  <FilmStripSize>5</FilmStripSize>
  <SSImageWidth>600</SSImageWidth>
  <SSImageHeight>300</SSImageHeight>
  <SSThumbImageWidth>80</SSThumbImageWidth>
  <SSThumbImageHeight>80</SSThumbImageHeight>
  <SliderTransition>4</SliderTransition>
  <SliderEffect>up</SliderEffect>
  <SSAutoSlide>False</SSAutoSlide>
  <SSAutoSlidePause>5000</SSAutoSlidePause>
  <SSAutoSlideRandom>NE</SSAutoSlideRandom>
  <SSAutoStartRandom>NE</SSAutoStartRandom>
  <SSCSSFile>EDGMain.css</SSCSSFile>
  <OverlaySize>50</OverlaySize>
  <OverlayOpacity>50</OverlayOpacity>
  <OverlayTextColor>111111</OverlayTextColor>
  <SSTNProportionally>False</SSTNProportionally>
  <TransitionInterval>5000</TransitionInterval>
  <PagingVisible>True</PagingVisible>
  <TGColumns>4</TGColumns>
  <TGImageWidth>150</TGImageWidth>
  <TGImageHeight>150</TGImageHeight>
  <TGItemsPerPage>10</TGItemsPerPage>
  <TGCSSFile>EDG_8_cut_corners_wh_bg.css</TGCSSFile>
  <PreloaderType>Fullscreen</PreloaderType>
  <DisplayNestedGalleries>False</DisplayNestedGalleries>
  <NGShowName>False</NGShowName>
  <NGThumbWidth>960</NGThumbWidth>
  <NGGalResizeProportionally>easeOutQuad</NGGalResizeProportionally>
  <NGColumns>2</NGColumns>
  <NGThumbHeight>400</NGThumbHeight>
  <NGShowdescription>False</NGShowdescription>
  <NestedCategory>1</NestedCategory>
  <NGGalleriesToShow>;</NGGalleriesToShow>
  <NGShowAllGalleries>False</NGShowAllGalleries>
  <NGCategoryItems>1500</NGCategoryItems>
  <TGSmartResize>True</TGSmartResize>
  <LightboxDescription>True</LightboxDescription>
  <VGColumns>10</VGColumns>
  <VGNumOfColumns>5</VGNumOfColumns>
  <VGCSSFile>EDGMain.css</VGCSSFile>
  <VGSkin>black</VGSkin>
  <InfoButton>False</InfoButton>
  <StartPhoto>False</StartPhoto>
  <PlayOnLoad>False</PlayOnLoad>
  <InitialVolume>250</InitialVolume>
  <AllowFullscren>False</AllowFullscren>
  <FlashGalTheme>False</FlashGalTheme>
  <AudioPlayOnLoad>False</AudioPlayOnLoad>
  <TooltipPosition>bottomMiddle</TooltipPosition>
  <TargetPosition>topMiddle</TargetPosition>
  <ShowEffect>fade</ShowEffect>
  <ShowEffectDuration>500</ShowEffectDuration>
  <HideEffect>fade</HideEffect>
  <HideEffectDuration>500</HideEffectDuration>
  <TooltipBorder>5</TooltipBorder>
  <TooltipRadius>5</TooltipRadius>
  <TooltipTheme>red</TooltipTheme>
</GallerySettings>