<?xml version="1.0" encoding="utf-8"?>
<GallerySettings xmlns:xsi="http://www.w3.org/2001/XMLSchema-instance" xmlns:xsd="http://www.w3.org/2001/XMLSchema">
  <GalleryID>7</GalleryID>
  <DisplayControl>SSThumbnails20_2.ascx</DisplayControl>
  <GallerificRandom>Rand</GallerificRandom>
  <DisplayType>ssthumbs2</DisplayType>
  <LightboxType>light_rounded</LightboxType>
  <LightboxTitle>False</LightboxTitle>
  <LightboxOpacity>80</LightboxOpacity>
  <LightboxPadding>80</LightboxPadding>
  <LightBoxSSAP>False</LightBoxSSAP>
  <LightboxAnimationSpeed>fast</LightboxAnimationSpeed>
  <OverlayGallery>False</OverlayGallery>
  <IntegrateBlog>NE</IntegrateBlog>
  <LightBoxSlideShow>False</LightBoxSlideShow>
  <LightBoxSlideShowInterval>5000</LightBoxSlideShowInterval>
  <QueryString />
  <ShowTitle>False</ShowTitle>
  <ShowDescription>False</ShowDescription>
  <ShowMediaTitle>True</ShowMediaTitle>
  <ShowMediaDescription>True</ShowMediaDescription>
  <OpenMediaUrl>False</OpenMediaUrl>
  <NewWindow>False</NewWindow>
  <SmartCrop>False</SmartCrop>
  <ShowPanel>False</ShowPanel>
  <FilmStrip>False</FilmStrip>
  <FilmStripSize>9</FilmStripSize>
  <SSImageWidth>400</SSImageWidth>
  <SSImageHeight>350</SSImageHeight>
  <SSThumbImageWidth>50</SSThumbImageWidth>
  <SSThumbImageHeight>50</SSThumbImageHeight>
  <SliderTransition>3</SliderTransition>
  <SSAutoSlide>NE</SSAutoSlide>
  <SSAutoSlidePause>5000</SSAutoSlidePause>
  <SSAutoSlideRandom>NE</SSAutoSlideRandom>
  <SSAutoStartRandom>NE</SSAutoStartRandom>
  <SSCSSFile>EDG_1_ss2_nobg.css</SSCSSFile>
  <OverlayPosition>top</OverlayPosition>
  <OverlaySize>20</OverlaySize>
  <OverlayOpacity>0.2</OverlayOpacity>
  <OverlayTextColor>20</OverlayTextColor>
  <OverlayColor>eeeeee</OverlayColor>
  <ThumbnailPosition>bottom</ThumbnailPosition>
  <SSTNProportionally>False</SSTNProportionally>
  <TransitionInterval>2000</TransitionInterval>
  <TransitionSpeed>800</TransitionSpeed>
  <BorderSize>False</BorderSize>
  <BorderColor>222222</BorderColor>
  <PagingVisible>True</PagingVisible>
  <TGColumns>4</TGColumns>
  <TGImageWidth>150</TGImageWidth>
  <TGImageHeight>150</TGImageHeight>
  <TGItemsPerPage>4</TGItemsPerPage>
  <TGCSSFile>EDGMain.css</TGCSSFile>
  <PreloaderType>Fullscreen</PreloaderType>
  <DisplayNestedGalleries>False</DisplayNestedGalleries>
  <NGShowName>False</NGShowName>
  <NGThumbWidth>200</NGThumbWidth>
  <NGGalResizeProportionally>False</NGGalResizeProportionally>
  <NGColumns>2</NGColumns>
  <NGThumbHeight>200</NGThumbHeight>
  <NGShowdescription>False</NGShowdescription>
  <NestedCategory>1</NestedCategory>
  <NGGalleriesToShow>;</NGGalleriesToShow>
  <NGShowAllGalleries>False</NGShowAllGalleries>
  <TGSmartResize>True</TGSmartResize>
  <LightboxDescription>False</LightboxDescription>
  <VGColumns>10</VGColumns>
  <VGCSSFile>EDGMain.css</VGCSSFile>
  <VGSkin>black</VGSkin>
  <InfoButton>False</InfoButton>
  <PlayOnLoad>False</PlayOnLoad>
  <AllowFullscren>False</AllowFullscren>
  <FlashGalTheme>False</FlashGalTheme>
  <AudioPlayOnLoad>False</AudioPlayOnLoad>
</GallerySettings>