<?xml version="1.0" encoding="utf-8"?>
<GallerySettings xmlns:xsi="http://www.w3.org/2001/XMLSchema-instance" xmlns:xsd="http://www.w3.org/2001/XMLSchema">
  <GalleryID>16</GalleryID>
  <DisplayControl>VideoGallery3-0.ascx</DisplayControl>
  <DisplayType>videogallery3</DisplayType>
  <LightboxType>light_rounded</LightboxType>
  <LightboxTitle>False</LightboxTitle>
  <LightboxOpacity>80</LightboxOpacity>
  <LightboxPadding>80</LightboxPadding>
  <LightBoxSSAP>False</LightBoxSSAP>
  <LightboxAnimationSpeed>slow</LightboxAnimationSpeed>
  <OverlayGallery>False</OverlayGallery>
  <IntegrateBlog>NE</IntegrateBlog>
  <LightBoxSlideShow>False</LightBoxSlideShow>
  <LightBoxSlideShowInterval>5000</LightBoxSlideShowInterval>
  <QueryString />
  <ShowTitle>False</ShowTitle>
  <ShowDescription>False</ShowDescription>
  <ShowMediaTitle>True</ShowMediaTitle>
  <ShowMediaDescription>True</ShowMediaDescription>
  <ShowMediaTitleThumbnail>True</ShowMediaTitleThumbnail>
  <ShowMediaDescriptionThumbnail>False</ShowMediaDescriptionThumbnail>
  <OpenMediaUrl>False</OpenMediaUrl>
  <NewWindow>False</NewWindow>
  <RandomizeMedia>True</RandomizeMedia>
  <SmartCrop>False</SmartCrop>
  <ShowPanel>True</ShowPanel>
  <FilmStrip>True</FilmStrip>
  <FilmStripSize>5</FilmStripSize>
  <SSImageWidth>160</SSImageWidth>
  <SSImageHeight>125</SSImageHeight>
  <SSThumbImageWidth>80</SSThumbImageWidth>
  <SSThumbImageHeight>80</SSThumbImageHeight>
  <SSAutoSlide>True</SSAutoSlide>
  <SSAutoSlidePause>5000</SSAutoSlidePause>
  <SSAutoSlideRandom>NE</SSAutoSlideRandom>
  <SSAutoStartRandom>NE</SSAutoStartRandom>
  <SSCSSFile>EDGMain.css</SSCSSFile>
  <OverlaySize>50</OverlaySize>
  <OverlayOpacity>50</OverlayOpacity>
  <OverlayTextColor>111111</OverlayTextColor>
  <SSTNProportionally>False</SSTNProportionally>
  <TransitionInterval>5000</TransitionInterval>
  <PagingVisible>False</PagingVisible>
  <TGColumns>4</TGColumns>
  <TGImageWidth>150</TGImageWidth>
  <TGImageHeight>150</TGImageHeight>
  <TGItemsPerPage>4</TGItemsPerPage>
  <TGCSSFile>EDGMain.css</TGCSSFile>
  <PreloaderType>Fullscreen</PreloaderType>
  <DisplayNestedGalleries>False</DisplayNestedGalleries>
  <NGShowName>False</NGShowName>
  <NGThumbWidth>300</NGThumbWidth>
  <NGGalResizeProportionally>False</NGGalResizeProportionally>
  <NGColumns>2</NGColumns>
  <NGThumbHeight>300</NGThumbHeight>
  <NGShowdescription>False</NGShowdescription>
  <NestedCategory>1</NestedCategory>
  <NGGalleriesToShow>None</NGGalleriesToShow>
  <NGShowAllGalleries>False</NGShowAllGalleries>
  <TGSmartResize>True</TGSmartResize>
  <LightboxDescription>True</LightboxDescription>
  <VGColumns>4</VGColumns>
  <VGNumOfColumns>4</VGNumOfColumns>
  <VGCSSFile>EDG_7_round_dark_thin.css</VGCSSFile>
  <VGSkin>black</VGSkin>
  <InfoButton>True</InfoButton>
  <StartPhoto>True</StartPhoto>
  <PlayOnLoad>False</PlayOnLoad>
  <InitialVolume>250</InitialVolume>
  <AllowFullscren>True</AllowFullscren>
  <FlashGalTheme>False</FlashGalTheme>
  <AGNumberOfColumns>5</AGNumberOfColumns>
  <AudioVolume>100</AudioVolume>
  <AudioPlayOnLoad>True</AudioPlayOnLoad>
</GallerySettings>