<?xml version="1.0" encoding="utf-8"?>
<GallerySettings xmlns:xsi="http://www.w3.org/2001/XMLSchema-instance" xmlns:xsd="http://www.w3.org/2001/XMLSchema">
  <GalleryID>3</GalleryID>
  <FixedResponsiveLayoutTypeSelect>responsive</FixedResponsiveLayoutTypeSelect>
	<HeightReferencesWidth>percent</HeightReferencesWidth>
  <VideoPlayerScaling>scale</VideoPlayerScaling>
  <PortalSharing>-1</PortalSharing>
  <ChameleonEnableDragging>True</ChameleonEnableDragging>
  <Qtip2Show>False</Qtip2Show>
  <Qtip2ShowTitle>True</Qtip2ShowTitle>
  <Qtip2ShowDescription>False</Qtip2ShowDescription>
  <Qtip2ShowPosition>top</Qtip2ShowPosition>
  <Qtip2ShowStlye>grey</Qtip2ShowStlye>
  <ChameleonMainResizeMode>default</ChameleonMainResizeMode>
  <GrayscaleThumbnails>False</GrayscaleThumbnails>
  <ChameleonFullscreen>False</ChameleonFullscreen>
  <CSSThemeDisplayStyle>gray</CSSThemeDisplayStyle>
  <AudioPlayPlace>audioembed</AudioPlayPlace>
  <VideoPlayPlace>videoembed</VideoPlayPlace>
  <NothngOnClick>True</NothngOnClick>
  <ThumbnailPriority>2</ThumbnailPriority>
  <ExpandCategory>True</ExpandCategory>
  <ExpandThumbnails>False</ExpandThumbnails>
  <ExpandGalleryCaption>False</ExpandGalleryCaption>
  <ExpandCaption>False</ExpandCaption>
  <CategoryPriority>1</CategoryPriority>
  <MediaCaptionPriority>4</MediaCaptionPriority>
  <GalleryCaptionPriority>3</GalleryCaptionPriority>
  <ShowGalleryTitle>False</ShowGalleryTitle>
  <ShowGalleryDescription>False</ShowGalleryDescription>
  <ShowNavigation>True</ShowNavigation>
  <ShowPlayPause>True</ShowPlayPause>
  <ThumbDirection>vertical</ThumbDirection>
  <CategoryDirection>vertical</CategoryDirection>
  <ThumbPanelInOut>Inside</ThumbPanelInOut>
  <ThumbPanelLRTB>Left</ThumbPanelLRTB>
  <CategoryHeight>45</CategoryHeight>
  <CategoryWidth>1</CategoryWidth>
  <CategoryHeightResponsive>false</CategoryHeightResponsive>
  <CategoryWidthResponsive>true</CategoryWidthResponsive>
  <CategoryY>0</CategoryY>
  <CategoryX>120</CategoryX>
  <CategoryYResponsive>false</CategoryYResponsive>
  <CategoryXResponsive>false</CategoryXResponsive>
  <CategoryInOut>Outside</CategoryInOut>
  <CategoryLRTB>Bottom</CategoryLRTB>
  <GalleryCaptionHeight>35</GalleryCaptionHeight>
  <GalleryCaptionWidth>580</GalleryCaptionWidth>
  <GalleryCaptionY>0</GalleryCaptionY>
  <GalleryCaptionX>120</GalleryCaptionX>
  <GalleryCaptionHeightResponsive>false</GalleryCaptionHeightResponsive>
  <GalleryCaptionWidthResponsive>false</GalleryCaptionWidthResponsive>
  <GalleryCaptionYResponsive>false</GalleryCaptionYResponsive>
  <GalleryCaptionXResponsive>false</GalleryCaptionXResponsive>
  <GalleryCaptionInOut>Inside</GalleryCaptionInOut>
  <GalleryCaptionLRTB>Top</GalleryCaptionLRTB>
  <CaptionHeight>100</CaptionHeight>
  <CaptionWidth>580</CaptionWidth>
  <CaptionY>0</CaptionY>
  <CaptionX>120</CaptionX>
  <CaptionHeightResponsive>false</CaptionHeightResponsive>
  <CaptionWidthResponsive>true</CaptionWidthResponsive>
  <CaptionYResponsive>false</CaptionYResponsive>
  <CaptionXResponsive>false</CaptionXResponsive>
  <CaptionInOut>Inside</CaptionInOut>
  <CaptionLRTB>Bottom</CaptionLRTB>
  <ImapgePanelTopY>0</ImapgePanelTopY>
  <ImapgePanelTopX>0</ImapgePanelTopX>
  <ImapgePanelTopYResponsive>false</ImapgePanelTopYResponsive>
  <ImapgePanelTopXResponsive>false</ImapgePanelTopXResponsive>
  <ImapgePanelWidth>1</ImapgePanelWidth>
  <ImapgePanelHeight>500</ImapgePanelHeight>
  <ImapgePanelWidthResponsive>true</ImapgePanelWidthResponsive>
  <ImapgePanelHeightResponsive>false</ImapgePanelHeightResponsive>
  <ThumbPanelWidth>120</ThumbPanelWidth>
  <ThumbPanelHeight>500</ThumbPanelHeight>
  <ThumbPanelWidthResponsive>false</ThumbPanelWidthResponsive>
  <ThumbPanelHeightResponsive>false</ThumbPanelHeightResponsive>
  <ThumbPanelY>0</ThumbPanelY>
  <ThumbPanelX>0</ThumbPanelX>
  <ThumbPanelYResponsive>false</ThumbPanelYResponsive>
  <ThumbPanelXResponsive>false</ThumbPanelXResponsive>
  <ShowTwitter>True</ShowTwitter>
  <ShowGooglePlus>True</ShowGooglePlus>
  <ShowFacebook>True</ShowFacebook>
  <DisplayControl>ChameleonGallery.ascx</DisplayControl>
  <NestedSortingAscType>ASC</NestedSortingAscType>
  <NestedSorting>Position</NestedSorting>
  <SocialSharingButtons>True</SocialSharingButtons>
  <LightboxSocialSharing>False</LightboxSocialSharing>
  <LightboxShowPrint>False</LightboxShowPrint>
  <LightboxShowEmail>False</LightboxShowEmail>
  <CategoryID>2</CategoryID>
  <DisplayType>Chameleon</DisplayType>
  <LightboxType>pp_default</LightboxType>
  <LightboxTitle>False</LightboxTitle>
  <LightboxOpacity>80</LightboxOpacity>
  <LightboxPadding>80</LightboxPadding>
  <LightboxAnimationSpeed>fade</LightboxAnimationSpeed>
  <EbnableUserUpload>False</EbnableUserUpload>
  <RolesToUpload />
  <ShowEnterUrl>False</ShowEnterUrl>
  <ApproveMedia>False</ApproveMedia>
  <ShowOnlyUpload>False</ShowOnlyUpload>
  <OverlayGallery>False</OverlayGallery>
  <IntegrateBlog>NE</IntegrateBlog>
  <UploadResize>False</UploadResize>
  <UploadResizeWidth>800</UploadResizeWidth>
  <UploadResizeHeight>600</UploadResizeHeight>
  <LightBoxSlideShow>False</LightBoxSlideShow>
  <QueryString />
  <ShowTitle>True</ShowTitle>
  <ShowMediaTitle>True</ShowMediaTitle>
  <ShowMediaDescription>True</ShowMediaDescription>
  <IncludejQuery>True</IncludejQuery>
  <OverrideJquery>default</OverrideJquery>
  <ShowMediaTitleThumbnail>False</ShowMediaTitleThumbnail>
  <OpenMediaUrl>False</OpenMediaUrl>
  <NewWindow>False</NewWindow>
  <ASSInterval>1000</ASSInterval>
  <RandomizeMedia>False</RandomizeMedia>
  <SmartCrop>False</SmartCrop>
  <ShowPanel>True</ShowPanel>
  <FilmStrip>True</FilmStrip>
  <FilmStripSize>5</FilmStripSize>
  <SSImageWidth>1</SSImageWidth>
  <SSImageHeight>60</SSImageHeight>
  <SSImageWidthResponsive>true</SSImageWidthResponsive>
  <SSImageHeightResponsive>false</SSImageHeightResponsive>
  <SSThumbImageWidth>80</SSThumbImageWidth>
  <SSThumbImageHeight>80</SSThumbImageHeight>
  <SliderEffect>slide</SliderEffect>
  <SSAutoSlide>True</SSAutoSlide>
  <SSAutoSlidePause>5000</SSAutoSlidePause>
  <SSAutoSlideRandom>NE</SSAutoSlideRandom>
  <SSAutoStartRandom>NE</SSAutoStartRandom>
  <SSCSSFile>EDGMain.css</SSCSSFile>
  <OverlaySize>50</OverlaySize>
  <OverlayOpacity>50</OverlayOpacity>
  <OverlayTextColor>111111</OverlayTextColor>
  <OverlayColor>False</OverlayColor>
  <SSTNProportionally>False</SSTNProportionally>
  <TransitionInterval>5000</TransitionInterval>
  <TGColumns>4</TGColumns>
  <TGImageWidth>80</TGImageWidth>
  <TGImageHeight>60</TGImageHeight>
  <TGItemsPerPage>2</TGItemsPerPage>
  <TGCSSFile>NewsOne</TGCSSFile>
  <PreloaderType>Fullscreen</PreloaderType>
  <DisplayNestedGalleries>False</DisplayNestedGalleries>
  <NGShowName>True</NGShowName>
  <NGThumbWidth>100</NGThumbWidth>
  <NGGalResizeProportionally>False</NGGalResizeProportionally>
  <NGThumbHeight>45</NGThumbHeight>
  <NGShowdescription>True</NGShowdescription>
  <NestedCategory>2</NestedCategory>
  <NGGalleriesToShow>;</NGGalleriesToShow>
  <NGShowAllGalleries>False</NGShowAllGalleries>
  <TGSmartResize>True</TGSmartResize>
  <LightboxDescription>False</LightboxDescription>
  <VGColumns>10</VGColumns>
  <VGCSSFile>EDGMain.css</VGCSSFile>
  <VGSkin>black</VGSkin>
  <InfoButton>False</InfoButton>
  <PlayOnLoad>False</PlayOnLoad>
  <AllowFullscren>False</AllowFullscren>
  <FlashGalTheme>False</FlashGalTheme>
  <AudioPlayOnLoad>False</AudioPlayOnLoad>
  <TooltipPosition>bottomMiddle</TooltipPosition>
  <TargetPosition>topMiddle</TargetPosition>
  <ShowEffect>fade</ShowEffect>
  <ShowEffectDuration>15</ShowEffectDuration>
  <HideEffect>fade</HideEffect>
  <HideEffectDuration>15</HideEffectDuration>
  <TooltipBorder>340</TooltipBorder>
  <TooltipRadius>100</TooltipRadius>
  <TooltipTheme>cream</TooltipTheme>
  <MediaSorting>Position</MediaSorting>
  <MediaSortingAscType>ASC</MediaSortingAscType>
  <UseFlowPlayer>True</UseFlowPlayer>
  <ShowToolTips>True</ShowToolTips>
</GallerySettings>